clave,concepto,n_items_smae,kcal_media,kcal_sd,kcal_se,kcal_ic_low,kcal_ic_high,n_flag
011111,Arroz en grano,9,2527.662268560614,1298.3875792359602,432.79585974532006,1679.3823834597865,3375.9421536614414,ok
011112,MaĂ­z en grano,8,3695.285087719298,53.370483271766894,18.86931531833478,3658.301229695362,3732.2689457432343,ok
011113,Otros cereales,16,3000.941515538555,1090.4348879792394,272.60872199480986,2466.6284204287276,3535.2546106483824,ok
011121,Harina de maĂ­z,9,3894.620811287478,322.98096067759076,107.66032022586359,3683.606583644785,4105.635038930171,ok
011122,Harina de trigo,10,3514.938080495356,158.27549499338076,50.05110619696601,3416.8379123493028,3613.0382486414096,ok
011131,Tortillas de maĂ­z,7,2195.211038961039,67.71451058613448,25.593679308766056,2145.047427515857,2245.3746504062206,ok
011132,Tortillas de harina de trigo,2,2892.857142857143,50.50762722761031,35.71428571428555,2822.8571428571436,2962.8571428571427,low_n
011133,Pan,28,2885.8460595154747,495.62903826142,93.66508412727386,2702.262494626018,3069.4296244049315,ok
011134,Pan de caja,9,2770.357708135486,565.7729777280247,188.59099257600823,2400.71936268651,3139.996053584462,ok
011135,Galletas dulces,37,4300.902835027549,733.5871216505902,120.60097989960899,4064.5249144243157,4537.280755630783,ok
011136,Galletas saladas,9,4136.578082411415,504.3059745539933,168.10199151799776,3807.0981790361398,4466.057985786691,ok
011137,Pan dulce a granel,16,3683.5396528826323,840.4065489384878,210.10163723462196,3271.740443902773,4095.3388618624913,ok
011138,Pan dulce empaquetado,19,4020.6476333465225,669.0789076857632,153.4972286240432,3719.793065243398,4321.502201449647,ok
011139,Pasteles y pastelillos en piezas o a granel,23,3251.4781615403476,1068.8918938545708,222.8793669374428,2814.6346023429596,3688.3217207377356,ok
01113A,Pasteles y pastelillos empaquetados,9,3828.7158587158588,666.5153484478201,222.17178281594002,3393.259164396616,4264.172553035101,ok
011140,Cereales para el desayuno,63,3309.649585902071,1043.8179191279894,131.50869657359956,3051.892540617816,3567.406631186326,ok
011150,Spaghetti,19,3522.539242843952,232.81750108544705,53.41199786942814,3417.8517270198727,3627.226758668031,ok
011191,Botanas elaboradas con cereales,20,4600.626929642948,733.5373457865851,164.02393692135732,4279.140013277088,4922.113846008809,ok
011192,Tostadas,4,4131.666666666667,809.602097054816,404.801048527408,3338.256611552947,4925.076721780387,low_n
011193,Masa de maĂ­z,6,1624.0079365079366,149.38349624157786,60.98555696413907,1504.476244858224,1743.5396281576493,ok
011194,Otros productos de maĂ­z para ser preparados,3,1845.26068768493,1766.898325657713,1020.1192239491797,-154.1729912554622,3844.694366625322,low_n
011195,Otros productos de panaderĂ­a,4,2881.563492063492,2231.1913063999236,1115.5956531999618,694.9960117915671,5068.130972335417,low_n
011196,Otros productos elaborados con cereales,7,3478.7385129490394,168.72820587141968,63.77326741398353,3353.742908817632,3603.734117080447,ok
011210,Animales terrestres vivos,2,3225,1732.4116139070413,1224.9999999999998,824.0000000000005,5626,low_n
011221,Bistec de res,4,2730.3448275862065,126.61888662227672,63.30944331113836,2606.2583186963752,2854.431336476038,low_n
011222,Chuleta y costilla de res,1,3862.0689655172414,NA,NA,NA,NA,single_item
011223,Cortes especiales de res,6,2369.1666666666665,401.64903142475583,163.97253044562297,2047.7805069932456,2690.5528263400874,ok
011224,Molida de res,10,2391.7597402597403,484.56108369883094,153.23166899677932,2091.4256690260527,2692.093811493428,ok
011225,Retazo de res,4,2607.3593073593074,728.1385281385282,364.0692640692641,1893.78354978355,3320.935064935065,low_n
011226,Otros cortes de res,5,2481.6911935859303,731.0064015653494,326.91600117752597,1840.9358312779793,3122.446555893881,ok
011227,Carne de ternera,9,1722.8070175438595,468.30382076144815,156.1012735871494,1416.8485213130466,2028.7655137746724,ok
011228,Costillas y chuleta de puerco,3,1867.6236044657098,386.7418071126681,223.28548644338125,1429.9840510366826,2305.263157894737,low_n
011229,Pierna de puerco,2,1400,0,0,1400,1400,low_n
01122A,Pulpa de puerco,3,2219.047619047619,709.3160450043973,409.5238095238095,1416.3809523809523,3021.7142857142853,low_n
01122B,Lomo de puerco,2,1400,0,0,1400,1400,low_n
01122C,Milanesa,4,1400,0,0,1400,1400,low_n
01122D,Carne de cordero y cabra fresca,11,1968.7335882072723,714.1543875075004,215.32564961349567,1546.6953149648207,2390.771861449724,ok
01122F,Pollo entero o en piezas (excepto pierna,7,2338.039499425501,502.839845066939,190.05559704876705,1965.5305292099179,2710.5484696410845,ok
01122G,Carne de otras aves,8,1508.173076923077,135.23177821990828,47.8116537056062,1414.4622356600887,1601.883918186065,ok
01122H,Otras carnes comestibles frescas,3,2033.9285714285713,762.4116501173719,440.17857142857144,1171.1785714285713,2896.6785714285716,low_n
01122I,Insectos,2,3225,1732.4116139070413,1224.9999999999998,824.0000000000005,5626,low_n
011231,JamĂłn de puerco,6,2980.1311728395062,27.878066131213018,11.381172839506235,2957.824074074074,3002.4382716049386,ok
011232,Tocino de puerco,5,5234.285714285715,634.8388836258105,283.90857970947803,4677.824898055138,5790.746530516291,ok
011233,Chuleta y carne ahumada,0,NA,NA,NA,NA,NA,no_match
011234,Machaca y carne seca,2,2230,381.8376618407357,270,1700.8,2759.2,low_n
011235,Mortadela,3,3188.216490299824,621.8074520679075,359.00069983552174,2484.5751186222014,3891.857861977446,low_n
011241,VĂ­sceras de res,7,1881.7936117936117,366.0351776292755,138.348293015488,1610.6309574832553,2152.956266103968,ok
011242,VĂ­sceras de puerco,6,1683.734827264239,511.46635912856385,208.80526674401244,1274.4765044459746,2092.9931500825032,ok
011243,VĂ­sceras de aves,3,1438.888888888889,233.53166174426337,134.82956777235108,1174.6229360550808,1703.154841722697,low_n
011244,VĂ­sceras de otros animales,8,1527.1031746031747,387.9431486974801,137.15861557942466,1258.2722880675024,1795.934061138847,ok
011245,Otras piezas de pollo,4,2256.1193885448915,589.4441565741487,294.72207828707434,1678.4641151022258,2833.774661987557,low_n
011246,Carne de otras partes del puerco,5,2069.8599439775912,775.825728023582,346.95981331079855,1389.818709888426,2749.9011780667565,ok
011247,Espinazo de res,1,1515.1515151515152,NA,NA,NA,NA,single_item
011251,Salchicha y salchichĂłn de puerco,5,2894.34481109517,564.100856586487,252.27357229864896,2399.888609389818,3388.8010128005217,ok
011252,Chorizo de puerco,3,3635.3535353535353,1640.7414316914194,947.282507257613,1778.6798211286139,5492.027249578457,low_n
011253,Otros embutidos y carnes procesadas,10,4346.438596491228,1609.4076900377486,508.93939843095677,3348.917375566553,5343.959817415904,ok
011254,Carne adobada o enchilada,2,1346.0526315789475,5.5824219567358595,3.9473684210526017,1338.3157894736844,1353.7894736842106,low_n
011255,Nuggets de otras carnes,1,2882.3529411764707,NA,NA,NA,NA,single_item
011256,Otros preparados de carne fresca,11,2110.980243161094,739.2609498225974,222.89556297484597,1674.1049397303962,2547.8555465917925,ok
011310,Pescado fresco,16,1767.6468222356034,379.4929228149719,94.87323070374298,1581.6952900562671,1953.5983544149396,ok
011321,Pescado ahumado,2,1700,0,0,1700,1700,low_n
011322,AtĂşn enlatado,2,1933.3333333333335,94.28090415820628,66.66666666666663,1802.666666666667,2064,low_n
011323,Sardina enlatada,2,1975.877192982456,151.9659310444774,107.45614035087725,1765.2631578947367,2186.4912280701756,low_n
011324,Otros pescados en conserva,10,1908.4022573966472,195.87639657800725,61.94155530529142,1786.996808998276,2029.8077057950184,ok
011331,Filetes de pescado rebozados o empanizados,1,2761.904761904762,NA,NA,NA,NA,single_item
011332,Surimi y otras preparaciones de pescado,0,NA,NA,NA,NA,NA,no_match
011341,CamarĂłn fresco,0,NA,NA,NA,NA,NA,no_match
011342,Mariscos frescos,9,1438.6243386243386,479.28922978180145,159.76307659393382,1125.4887085002283,1751.759968748449,ok
011343,CamarĂłn y otros mariscos congelados,0,NA,NA,NA,NA,NA,no_match
011351,Mariscos ahumados,1,1981.818181818182,NA,NA,NA,NA,single_item
011352,Mariscos en conserva,4,1070.3896103896104,610.0756215528066,305.0378107764033,472.5155012678599,1668.263719511361,low_n
011360,Otras preparaciones de mariscos,3,1800,57.14285714285711,32.99144395369289,1735.336769850762,1864.663230149238,low_n
011370,HĂ­gados,4,2371.111111111111,220.74074074074065,110.37037037037032,2154.785185185185,2587.4370370370366,low_n
011411,Leche entera fresca,11,1005.4924242424242,1314.809566087712,396.430000134812,228.48962397819275,1782.4952245066556,ok
011412,Leche no pasteurizada (leche bronca),1,608.3333333333333,NA,NA,NA,NA,single_item
011420,Leche baja en grasa,21,489.5943350553942,133.02245475673067,29.027879431026516,432.69969137058223,546.4889787402062,ok
011432,Leche en polvo,6,4453.061868686869,655.7818076765608,267.7218019012578,3928.327136960404,4977.796600413334,ok
011433,Crema,16,2488.0526135049163,864.421306596353,216.10532664908825,2064.486173272703,2911.6190537371294,ok
011441,Leche de soya,2,482.91666666666674,217.4353352148634,153.75,181.56666666666672,784.2666666666668,low_n
011442,Otras leches,4,658.95305907173,85.43798468109753,42.718992340548766,575.2238340842543,742.6822840592056,low_n
011451,Queso fresco,16,2149.3191321820354,805.681070803048,201.420267700762,1754.535407488542,2544.102856875529,ok
011452,Queso amarillo,8,2974.1797554297555,498.87204611687974,176.37790337682685,2628.479064811175,3319.880446048336,ok
011454,Queso Oaxaca o asadero,4,2642.857142857143,867.6690522763594,433.8345261381797,1792.5414716263108,3493.1728140879754,low_n
011455,Queso aĂ±ejo y Cotija,4,3343.8218390804595,503.1884892372691,251.59424461863455,2850.697119627936,3836.946558532983,low_n
011456,Otros quesos,46,3496.586406213692,611.2469712478634,90.12344913454115,3319.9444459099914,3673.2283665173927,ok
011460,Yogurt y bebidas fermentadas a base de leche,51,797.0269529003743,244.4219158873678,34.22591409170505,729.9441612806324,864.1097445201162,ok
011471,Bebidas a base de leche,21,1563.006684050551,1257.3486099837087,274.37596096180255,1025.229800565418,2100.783567535684,ok
011472,Cajeta,0,NA,NA,NA,NA,NA,no_match
011473,Otros productos de leche,21,853.7325517269968,377.3222044429164,82.33845539272701,692.3491791572519,1015.1159242967417,ok
011481,Huevo de gallina,19,2576.667037987473,1825.774957937681,418.86150185776705,1755.6984943462498,3397.6355816286964,ok
011482,Otros huevos,4,1628.3282130056323,336.5319566645614,168.2659783322807,1298.5268954743622,1958.1295305369024,low_n
011490,Otros productos lĂˇcteos,2,2658.3333333333335,2557.369525291347,1808.3333333333335,-886,6202.666666666667,low_n
011511,Aceite de oliva,3,8800,0,0,8800,8800,low_n
011512,Otros aceites vegetales comestibles,15,8800,0,0,8800,8800,ok
011520,Mantequilla,5,6216.190476190476,3273.50492089445,1463.9559055600123,3346.836901292852,9085.5440510881,ok
011530,Margarina,4,7787.878787878788,2796.4500978345036,1398.2250489172518,5047.357692000975,10528.399883756601,low_n
011591,Manteca de puerco,1,9750,NA,NA,NA,NA,single_item
011592,ChicharrĂłn,3,6000,0,0,6000,6000,low_n
011593,Otras grasas animales comestibles,9,6863.492063492064,1984.7262587055839,661.575419568528,5566.804241137748,8160.179885846379,ok
011611,Aguacate,6,1512.7598566308245,305.4790915372967,124.71131689255532,1268.325675521416,1757.194037740233,ok
011612,Guayaba,2,591.6945957268538,118.27079278958071,83.63007959782155,427.77963971512355,755.6095517385841,low_n
011613,Mango,5,486.131991026318,152.67110959938535,68.27659585290927,352.30986315461587,619.9541188980202,ok
011614,Papaya,2,393.796992481203,1.3291480849371515,0.939849624060173,391.9548872180451,395.6390977443609,low_n
011615,PiĂ±a,2,500,0,0,500,500,low_n
011616,Otros plĂˇtanos: Chiapas,4,908.0439193221148,56.6086321892058,28.3043160946029,852.5674597766931,963.5203788675365,low_n
011617,Otras frutas tropicales,29,2019.9805898108316,2168.582870681259,402.69572953611834,1230.6969599200397,2809.2642197016235,ok
011621,LimĂłn,1,202.6143790849673,NA,NA,NA,NA,single_item
011622,Naranja,6,478.9526068108272,66.51020209819914,27.15267630499584,425.73336125303535,532.171852368619,ok
011623,Toronja,2,333.3333333333333,0,0,333.3333333333333,333.3333333333333,low_n
011624,Otros cĂ­tricos frescos,5,500.71713615023475,43.289596485257036,19.35969609191414,462.772131810083,538.6621404903865,ok
011631,Chabacano y melocotĂłn,3,417.8691678691679,57.40391113070809,33.14216354385167,352.9105273232186,482.82780841511715,low_n
011632,Durazno,1,392.156862745098,NA,NA,NA,NA,single_item
011633,Manzana y perĂłn,13,585.2575159457436,47.1344100108277,13.072733240983265,559.6349587934164,610.8800730980709,ok
011634,Pera,12,540.0062365538556,73.00052805645161,21.073437262188584,498.702299519966,581.3101735877452,ok
011635,Otras frutas de hueso o pepita,8,1083.007493561291,822.1615216415072,290.6779935916801,513.2786261215981,1652.736361000984,ok
011641,Fresas,2,318.95227970706355,0.459377190707035,0.32482872667137025,318.31561540278767,319.58894401133944,low_n
011642,Otras bayas,4,531.0284852423355,65.53619819647278,32.76809909823639,466.80301100979216,595.2539594748788,low_n
011651,MelĂłn,7,345.85106854659927,11.004689448157725,4.159381647903138,337.6986805167091,354.00345657648944,ok
011652,SandĂ­a,2,300,0,0,300,300,low_n
011653,Uva,7,659.6211860846985,29.353102079327485,11.094429758599064,637.8761037578444,681.3662684115526,ok
011654,Otras frutas frescas,14,680.609308495314,301.5617615818669,80.59577091366818,522.6415975045245,838.5770194861036,ok
011660,Fruta congelada,7,641.5537376192804,212.35603123501068,80.2630354360718,484.2381881645796,798.8692870739811,ok
011670,Frutos secos o deshidratados,13,2561.1450678330993,552.6276803622443,153.27134136821505,2260.733238751398,2861.5568969148007,ok
011680,Nueces y otros frutos secos,49,5984.245233224825,824.175001852865,117.7392859789807,5753.4762327060225,6215.014233743627,ok
011691,Frutas en conserva,25,890.787217628165,705.9923416620708,141.19846833241417,614.0382196966332,1167.5362155596968,ok
011692,Frutas secas,6,5279.091960670908,3052.102901655365,1246.0157919205985,2836.9010085065347,7721.2829128352805,ok
011711,Col,4,284.09722222222223,63.473983660936725,31.736991830468362,221.89271823450423,346.3017262099402,low_n
011712,Lechuga,2,133.57228195937873,52.04035570022858,36.79808841099163,61.448028673835125,205.69653524492233,low_n
011713,Otras hortalizas de hoja o tallo: acelgas,33,341.295710667695,168.08919670911075,29.2605733545982,283.94498689268255,398.64643444270746,ok
011721,Calabaza,6,183.3544926057049,41.224868540469494,16.82998210624416,150.36772767746635,216.34125753394346,ok
011722,Chayote,2,213.75,33.58757210636101,23.75,167.2,260.3,low_n
011723,Chile jalapeĂ±o,2,307.43589743589746,17.768324245200432,12.56410256410257,282.81025641025644,332.0615384615385,low_n
011724,Chile poblano,1,468.75,NA,NA,NA,NA,single_item
011725,Chile serrano,0,NA,NA,NA,NA,NA,no_match
011726,Otros chiles frescos o refrigerados,5,354.82179744552093,37.88884351594289,16.944405938100086,321.6107618068448,388.0328330841971,ok
011727,Jitomate (tomate rojo),5,187.38521521018606,22.530526525969098,10.075957776185817,167.63633796886185,207.13409245151027,ok
011728,Pepino,2,220.67307692307693,94.50754094704817,66.82692307692307,89.69230769230774,351.65384615384613,low_n
011729,Tomate verde,3,331.3953488372093,79.55562085161546,45.93145911422799,241.36968897332247,421.4210087010962,low_n
01172A,Otras hortalizas frutales,7,435.2126835582718,397.2642064537636,150.1517564377256,140.91524094032962,729.510126176214,ok
011731,ChĂ­charo,3,677.3135669362084,245.5415513986105,141.7634807972261,399.4571445736453,955.1699892987715,low_n
011732,Ejote,1,349.20634920634916,NA,NA,NA,NA,single_item
011733,Otras legumbres verdes,4,827.4909589516387,406.01520500301416,203.00760250150708,429.5960580486849,1225.3858598545926,low_n
011741,Aceitunas,5,1722.095238095238,259.9323128359301,116.24526420997616,1494.2545202436847,1949.9359559467914,ok
011742,Ajo,0,NA,NA,NA,NA,NA,no_match
011743,Cebolla,6,413.78528592244044,169.52752636181881,69.20932282378001,278.13501318783165,549.4355586570492,ok
011744,ChampiĂ±ones,13,638.126744127586,927.6040600576871,257.27107706665913,133.8754330769341,1142.378055178238,ok
011745,Elote,4,715.1352018079959,454.8360003249784,227.4180001624892,269.39592148951715,1160.8744821264747,low_n
011746,Nopal,3,193.94337039634044,66.38337656328943,38.32646032853145,118.82350815241881,269.0632326402621,low_n
011747,RĂˇbano,1,163.46153846153845,NA,NA,NA,NA,single_item
011748,Zanahoria,3,391.4772727272727,36.412431750027515,21.022727272727263,350.27272727272725,432.68181818181813,low_n
011749,Otras hortalizas de raĂ­z,8,409.6479517350041,244.33488981167278,86.38542873315085,240.33251141802842,578.9633920519798,ok
011751,Papa,10,838.078183810349,89.7089480358482,28.368460229096875,782.476001761319,893.6803658593789,ok
011752,Betabel,2,480.43184885290145,9.542601635445994,6.747638326585701,467.2064777327935,493.65721997300943,low_n
011753,JĂ­cama,1,383.33333333333337,NA,NA,NA,NA,single_item
011754,PlĂˇtano macho y de Castilla,2,1939.9759903961585,1.6977353689954842,1.2004801920769523,1937.6230492196878,1942.3289315726292,low_n
011755,Otros tubĂ©rculos,5,879.7480620155039,275.7500485629967,123.31917067714576,638.0424874882982,1121.4536365427095,ok
011761,Frijol en grano,3,1799.5527728085867,1423.9080085638343,822.0936720455937,188.249175599223,3410.85637001795,low_n
011762,Lentejas,2,2352.236652236652,1683.7916454748063,1190.6204906204905,18.620490620490727,4685.852813852813,low_n
011763,Garbanzo,2,2637.456445993031,1401.6482502335432,991.1149825783972,694.8710801393727,4580.04181184669,low_n
011764,Otras leguminosas y legumbres secas,9,2179.75860909666,1156.3160730365225,385.43869101217416,1424.2987747127988,2935.2184434805213,ok
011770,Hortalizas,2,2009.6491228070176,410.61814837324073,290.3508771929824,1440.5614035087722,2578.7368421052633,low_n
011781,Verduras congeladas,2,652.1739130434783,0,0,652.1739130434783,652.1739130434783,low_n
011782,Legumbres congeladas,2,876.565925461948,133.37145598797318,94.307860945819,691.7225180081427,1061.4093329157533,low_n
011791,Harina para purĂ© de papa,4,3518.421052631579,38.01394505266744,19.00697252633372,3481.167386479965,3555.6747187831934,low_n
011792,Harina de otras hortalizas,7,3606.839826839827,348.5009595372347,131.72098151470092,3348.666703071013,3865.0129506086405,ok
011793,Chiles secos o en polvo,3,3303.5714285714284,312.882419070272,180.64274887492286,2949.5116407765795,3657.6312163662774,low_n
011794,Chiles enlatados,1,315.7894736842105,NA,NA,NA,NA,single_item
011795,Papas congeladas,1,2000,NA,NA,NA,NA,single_item
011796,Papas fritas en bolsa o a granel,8,4669.123931623932,1112.2168525906193,393.2280393083928,3898.396974579482,5439.850888668381,ok
011797,Frijol procesado,3,1141.8283866057839,259.27538954339184,149.69271594712237,848.4306633494241,1435.2261098621436,low_n
011798,Otras verduras enlatadas o envasadas,8,461.69901589272115,321.49337101381485,113.66507137519555,238.91547599733786,684.4825557881045,ok
011799,Otras legumbres y leguminosas secas,3,1447.6098191214471,478.81241101334064,276.44247438988594,905.7825693172707,1989.4370689256234,low_n
01179A,Otras preparaciones vegetales,17,2867.311915555939,1949.3638428093973,472.7901780390051,1940.6431665994887,3793.980664512389,ok
011810,AzĂşcar,6,3942.1296296296296,221.88458146007335,90.5840010613647,3764.5849875493545,4119.674271709904,ok
011820,Sustitutos de azĂşcar y otros azĂşcares,4,3138.1410256410254,538.6816552536125,269.34082762680623,2610.2330034924853,3666.0490477895655,low_n
011831,Miel de abeja,1,3071.4285714285716,NA,NA,NA,NA,single_item
011832,Otras mieles,3,2833.3333333333335,220.47927592204908,127.29376930432882,2583.837545496849,3082.829121169818,low_n
011833,Mermeladas y jaleas,4,1976.524957031113,1044.1879757269487,522.0939878634744,953.2207408187032,2999.8291732435227,low_n
011834,Ate y dulces a base de frutas,8,1692.176231255148,1230.7449629539676,435.1340546079683,839.31348422353,2545.038978286766,ok
011841,Crema de cacahuate,3,5188.293188293189,838.510328504926,484.11416388060053,4239.429427087212,6137.156949499165,low_n
011842,Otras mantequillas y cremas,1,4769.2307692307695,NA,NA,NA,NA,single_item
011843,PurĂ©s o pastas de frutos secos,1,5200,NA,NA,NA,NA,single_item
011851,Chocolate en barra o tableta,24,4869.282704417186,463.784314308034,94.66957673010492,4683.730334026181,5054.835074808192,ok
011852,Cacao y chocolate en polvo para todos los usos,9,4525.327635327635,865.8797612694075,288.6265870898025,3959.619524631622,5091.035746023648,ok
011853,Otros chocolates,19,3257.471559041757,1485.2107412776065,340.7307121626431,2589.6393632029763,3925.3037548805373,ok
011861,Helados,17,1523.096501129984,561.7621443547843,136.24733280283832,1256.051728836421,1790.141273423547,ok
011862,Hielo,0,NA,NA,NA,NA,NA,no_match
011891,Dulces y golosinas,29,3693.9216953645264,620.0142015553405,115.13374683239375,3468.2595515730345,3919.5838391560183,ok
011892,Gelatina preparada,14,1665.6001997909473,1187.8417152619666,317.46405201629756,1043.370657839004,2287.8297417428903,ok
011893,Otros productos de reposterĂ­a,5,3481.1527035056447,1602.833914808855,716.8091180309414,2076.2068321649995,4886.09857484629,ok
011911,Alimentos preparados para consumo inmediato,9,2537.091503267974,317.961596872541,105.98719895751367,2329.3565933112473,2744.826413224701,ok
011912,Sopas instantĂˇneas,1,1340,NA,NA,NA,NA,single_item
011921,FĂłrmula de leche maternizada,1,5076.923076923076,NA,NA,NA,NA,single_item
011922,Papillas para bebĂ©,12,599.1574089385307,99.43920309537678,28.70562533755883,542.8943832769154,655.420434600146,ok
011923,Cereales para bebĂ©,4,3759.1036414565824,240.4316626230106,120.2158313115053,3523.480612086032,3994.7266708271327,low_n
011924,Jugos de frutas y verduras de cualquier combinaciĂłn para bebĂ©,0,NA,NA,NA,NA,NA,no_match
011925,Otros alimentos para bebĂ©,0,NA,NA,NA,NA,NA,no_match
011931,Salsa o purĂ© de tomate y cĂˇtsup,3,1324.2063492063492,1163.9645173205474,672.0152274021909,7.056503498055008,2641.3561949146433,low_n
011932,Salsa picante,1,243.47826086956522,NA,NA,NA,NA,single_item
011933,Mole en pasta o en polvo,6,4154.166666666667,1958.927214914667,799.7286866320493,2586.6984408678504,5721.634892465483,ok
011934,Mayonesa,3,4480.952380952381,2008.3541506810552,1159.5238095238096,2208.2857142857138,6753.619047619048,low_n
011935,Mostaza,3,1666.6666666666667,1154.7005383792514,666.6666666666666,360.0000000000002,2973.333333333333,low_n
011936,Vinagre,10,200,0,0,200,200,ok
011937,Sal,4,400,461.8802153517006,230.9401076758503,-52.64261104466658,852.6426110446666,low_n
011938,Otros aderezos y salsas,62,2875.8648667214165,1686.5599834896661,214.1933320966268,2456.045935812028,3295.683797630805,ok
011942,Cilantro,1,233.33333333333334,NA,NA,NA,NA,single_item
011943,Perejil y hierbabuena,2,383.3333333333333,23.57022603955161,16.666666666666682,350.66666666666663,416,low_n
011944,Epazote,0,NA,NA,NA,NA,NA,no_match
011945,Otras hierbas culinarias (hierbas de olor),32,2638.8020833333335,982.4298961167917,173.6707103961447,2298.40749095689,2979.196675709777,ok
011946,Semillas comestibles,4,5779.807692307692,246.18138868347114,123.09069434173557,5538.549931397891,6021.065453217494,low_n
011991,Levaduras y preparaciones para postres,9,1883.6612021857923,936.7601497023725,312.25338323412416,1271.6445710469088,2495.6778333246757,ok
011992,Gelatina en polvo,4,2866.6666666666665,1866.6666666666667,933.3333333333334,1037.333333333333,4696,low_n
011993,Concentrados para caldo,25,719.9060057697351,972.9137103328997,194.58274206657993,338.52383131923847,1101.2881802202317,ok
011994,Complementos nutricionales: proteĂ­na en polvo y suplementos energĂ©ticos,3,1428.7449392712551,1882.0613507432345,1086.6086274829972,-701.0079705954195,3558.4978491379297,low_n
011995,Otros productos alimenticios,4,1966.6666666666665,503.32229568471655,251.66114784235828,1473.4108168956443,2459.9225164376885,low_n
011996,Otros productos relacionados con la preparaciĂłn de alimentos,58,2465.729635182409,1349.2027218683438,177.1589966131606,2118.4980018206143,2812.9612685442034,ok
012100,Jugos de frutas o verduras envasados,11,580.9963384570275,578.2691141131497,174.354698124048,239.2611301338934,922.7315467801616,ok
012201,CafĂ© soluble,11,1511.1570247933885,1522.208059788559,458.9629988339572,611.5895470788323,2410.7245025079446,ok
012202,CafĂ© en grano o molido,2,160.71428571428572,126.26906806902635,89.28571428571428,-14.28571428571425,335.71428571428567,low_n
012203,Preparaciones de bebidas a base de cafĂ©,5,415,886.0492838061173,396.25328600109634,-361.65644056214876,1191.6564405621489,ok
012301,Bolsas de tĂ©,1,4100,NA,NA,NA,NA,single_item
012302,Flor y hojas para infusiones,4,600,489.89794855663564,244.94897427831782,119.9000104144971,1080.099989585503,low_n
012400,Bebidas a base de cacao y chocolate,0,NA,NA,NA,NA,NA,no_match
012501,Agua natural embotellada,1,8.333333333333334,NA,NA,NA,NA,single_item
012502,Agua mineral sin sabor,1,11.267605633802818,NA,NA,NA,NA,single_item
012601,Refrescos sabor cola,1,413.04347826086956,NA,NA,NA,NA,single_item
012602,Refrescos de otros sabores,3,422.1332865690462,68.15993907550137,39.35215917318921,345.00305458959537,499.2635185484971,low_n
012603,Refrescos de dieta (light),14,9.009487637435097,14.023121298777568,3.7478368137998626,1.6637274823873662,16.355247792482828,ok
012604,Jugos con gas,0,NA,NA,NA,NA,NA,no_match
012901,Aguas frescas naturales de frutas o verduras,0,NA,NA,NA,NA,NA,no_match
012902,Agua natural embotellada con sabor,1,2411.7647058823527,NA,NA,NA,NA,single_item
012903,Bebidas hidratantes e isotĂłnicas,3,1364.3859649122808,1936.1695294851484,1117.8479990450014,-826.5961132159221,3555.368043040484,low_n
012904,Bebidas energĂ©ticas,6,373.9553485481329,284.32643732224943,116.07578197048903,146.44681588597442,601.4638812102914,ok
012905,Concentrados y polvos para preparar bebidas,3,4137.254901960784,1494.3183437849138,862.7450980392158,2446.2745098039213,5828.235294117647,low_n
012907,Otras bebidas no alcohĂłlicas,3,963.0098452883263,583.0692870832198,336.6352098537002,303.20483397507394,1622.8148566015789,low_n
013000,Servicios de molienda,0,NA,NA,NA,NA,NA,no_match
021101,CoĂ±ac y brandy,2,2358.3333333333335,58.92556509887875,41.666666666666515,2276.666666666667,2440,low_n
021102,Ron: aĂ±ejo,1,2316.666666666667,NA,NA,NA,NA,single_item
021103,Tequila,1,2654.545454545455,NA,NA,NA,NA,single_item
021104,Whisky,1,2509.0909090909095,NA,NA,NA,NA,single_item
021105,Otras bebidas destiladas,1,2636.363636363636,NA,NA,NA,NA,single_item
021211,Vino de uva,6,1023.3333333333334,370.49516416097345,151.25401739384571,726.8754592413958,1319.7912074252708,ok
021212,Champagne,2,673.3333333333334,0,0,673.3333333333334,673.3333333333334,low_n
021213,Aperitivos y bebidas a base de vino,2,1922.2222222222222,439.97755273829637,311.1111111111112,1312.4444444444443,2532,low_n
021220,Sidra,2,886.6666666666667,546.8292441175969,386.66666666666674,128.79999999999995,1644.5333333333335,low_n
021301,Cerveza,1,429.7752808988764,NA,NA,NA,NA,single_item
021302,Cerveza artesanal,1,429.7752808988764,NA,NA,NA,NA,single_item
021303,Cerveza light y sin alcohol,1,290.0188323917137,NA,NA,NA,NA,single_item
021901,Cervezas de sabor y cervezas preparadas,0,NA,NA,NA,NA,NA,no_match
021902,Bebidas preparadas con alcohol,0,NA,NA,NA,NA,NA,no_match
111121,Barbacoa o birria,2,1346.0526315789475,5.5824219567358595,3.9473684210526017,1338.3157894736844,1353.7894736842106,low_n
111122,Carnitas,4,2014.2857142857142,709.3160450043973,354.65802250219866,1319.1559901814048,2709.4154383900236,low_n
111123,Hamburguesas y hot dogs,0,NA,NA,NA,NA,NA,no_match
111124,Otros alimentos cocinados,0,NA,NA,NA,NA,NA,no_match
111125,Pizzas preparadas,0,NA,NA,NA,NA,NA,no_match
111126,Pollos rostizados,1,2857.1428571428573,NA,NA,NA,NA,single_item
181111,"Alimentos y/o bebidas en paquete, despensa de alimentos que otorgan otros hogares",0,NA,NA,NA,NA,NA,no_match
181112,Despensa de alimentos que otorgan organizaciones privadas o de gobierno,0,NA,NA,NA,NA,NA,no_match
181113,"Trigo en grano, otros productos de trigo (excepto cereal)",5,3356.0150375939847,60.67389139678851,27.134189124531755,3302.8320269099027,3409.198048278067,ok
181114,Arrachera,2,1633.3333333333335,329.98316455372225,233.33333333333337,1176,2090.666666666667,low_n
181115,Milanesa de res,1,1571.4285714285713,NA,NA,NA,NA,single_item
181116,Chamorro de res,0,NA,NA,NA,NA,NA,no_match
181117,Cocido de res,0,NA,NA,NA,NA,NA,no_match
181118,Pulpa de res en trozo,1,3480,NA,NA,NA,NA,single_item
181119,Carne de otras partes de la res,3,2461.000474158369,362.65519756279383,209.37907593589594,2050.6174853240127,2871.383462992725,low_n
181120,Codillo de puerco,0,NA,NA,NA,NA,NA,no_match
181121,Espaldilla de puerco,1,2750,NA,NA,NA,NA,single_item
181122,Molida de puerco,3,1400,0,0,1400,1400,low_n
181123,Chivo y cabrito,0,NA,NA,NA,NA,NA,no_match
181124,"Pierna, muslo o pechuga de pollo con hueso",4,2116.2804515745693,193.12540252922884,96.56270126461442,1927.017557095925,2305.5433460532136,low_n
181125,"Pierna, muslo o pechuga de pollo sin hueso",4,1512.581991651759,355.7422190204653,177.87110951023266,1163.9546170117028,1861.209366291815,low_n
181126,"Chorizo de pollo, jamón de pollo, pavo y otras aves; nuggets de pollo y otras aves, salchicha, mortadela, tocino de pollo, pavo y otras aves",11,1983.4135681098073,620.776618215788,187.17119284067925,1616.558030142076,2350.2691060775387,ok
181127,Filete de pescado,4,1504.4642857142858,227.77717286021112,113.88858643010556,1281.242656311279,1727.6859151172926,low_n
181128,"Anguilas, angulas, hueva de pescado, mantarraya, pejelagarto",4,2371.111111111111,220.74074074074065,110.37037037037032,2154.785185185185,2587.4370370370366,low_n
181129,Leche condensada,2,3042.6136363636365,325.42982543244534,230.11363636363646,2591.590909090909,3493.636363636364,low_n
181130,Leche evaporada,3,1250,0,0,1250,1250,low_n
181131,Queso Manchego,3,4080,0,0,4080,4080,low_n
181132,Queso Chihuahua,3,3765.2380952380954,18.42432583062204,10.637289477947009,3744.3890078613194,3786.0871826148714,low_n
181133,Manteca vegetal,1,9500,NA,NA,NA,NA,single_item
181134,Plátano verde y Tabasco,0,NA,NA,NA,NA,NA,no_match
181135,Lima,1,299.31972789115645,NA,NA,NA,NA,single_item
181136,"Anona, chirimoya, guanábana",3,774.859943977591,344.60239283439154,198.95628426632513,384.90562681559373,1164.8142611395883,low_n
181137,Chicozapote y mamey,2,754.5098039215686,102.04521391241153,72.15686274509801,613.0823529411765,895.9372549019607,low_n
181138,Ciruela y jobo,2,609.800537015727,208.98572109867087,147.7752205600307,320.1611047180668,899.4399693133871,low_n
181139,Pitahaya y tuna,5,422.4412238325282,33.16544181194562,14.83203647906484,393.3704323335611,451.51201533149526,ok
181140,Semillas envasadas,10,5400.4428904428905,422.2837986898871,133.5378622848071,5138.708680364669,5662.177100521112,ok
181141,Brócoli,2,275.1071647274954,10.608766772241507,7.501530924678491,260.4041641151255,289.81016533986525,low_n
181142,"Germinados de maíz, de soya, de trigo, de alfalfa",7,788.2307425963779,280.11120923164,105.87208558121418,580.7214548571981,995.7400303355578,ok
181143,Pimienta,15,2683.3333333333335,319.9702367110922,82.61595987094033,2521.4060519862905,2845.2606146803764,ok
181144,Canela,5,2600,223.60679774997897,100,2404,2796,ok
181145,Clavo,5,3000,0,0,3000,3000,ok
181146,Anís (licor),1,2672.727272727273,NA,NA,NA,NA,single_item
181147,Licor o cremas de frutas,11,2832.8734901462176,495.12813962297577,149.2867511160101,2540.271457958838,3125.4755223335974,ok
181148,"Aguamiel, pulque, tlachique, tepache, tuba y bebidas fermentadas de maíz",1,469.69696969696975,NA,NA,NA,NA,single_item
181149,Rompope,2,1846.875,711.5261985689634,503.12499999999994,860.7500000000001,2833,low_n
181150,Vodka,1,2316.666666666667,NA,NA,NA,NA,single_item
181151,Jerez,0,NA,NA,NA,NA,NA,no_match
181152,Alimento para animales para uso del hogar,0,NA,NA,NA,NA,NA,no_match
181153,Filete de res,0,NA,NA,NA,NA,NA,no_match
181154,"Aguardiente, alcohol de cańa, charanda, mezcal, sotol",1,2800,NA,NA,NA,NA,single_item
181155,Cacao y chocolate líquido para todos los usos,2,3468.253968253968,1055.0482131989759,746.0317460317461,2006.0317460317458,4930.476190476191,low_n
181156,Otros productos de arroz,5,3732.401960784314,217.23682301609304,97.15126069601499,3541.9854898201243,3922.8184317485034,ok
181157,Salmón y bacalao procesado,5,1845.7142857142856,117.39809591799204,52.50202458033415,1742.8103175368306,1948.6182538917406,ok
181158,Hamburguesas de res para asar,0,NA,NA,NA,NA,NA,no_match
181159,"Aceite de bacalao, de tiburón, de tortuga, enjundia",1,9000,NA,NA,NA,NA,single_item
181160,"Aceite de coco, soya",2,8700,141.4213562373095,100,8504,8896,low_n
181161,Haba amarilla o verde en grano,4,1621.7927631578948,1188.799274725291,594.3996373626455,456.76947392710963,2786.81605238868,low_n
181162,Agua mineral con sabor,0,NA,NA,NA,NA,NA,no_match
181163,Camote,9,1202.520089167514,196.72288543183157,65.57429514394386,1073.994470685384,1331.045707649644,ok
181164,"Papas en conserva, encurtidas o en escabeche",2,3525,35.35533905932738,25,3476,3574,low_n
181165,"Otras verduras, pápalo, flor de calabaza, chaya",3,174.3303683602191,41.49097197045435,23.95482383608104,127.37891364150026,221.28182307893792,low_n
181166,Otras leguminosas procesadas,4,2545.8333333333335,837.2546627940451,418.62733139702254,1725.3237637951693,3366.3429028714977,low_n
181167,Semillas procesadas,15,5275.540293040293,673.177425733068,173.81366392713016,4934.865511743118,5616.215074337469,ok
181168,Otras especias,25,2793.3333333333335,1514.2532690943624,302.8506538188725,2199.7460518483435,3386.9206148183234,ok
181169,Molienda de nixtamal,0,NA,NA,NA,NA,NA,no_match
181170,Juegos de frutas o verduras naturales,0,NA,NA,NA,NA,NA,no_match
181171,Harina para waffles o hot cakes,2,2602.33918128655,1112.3492639718202,786.549707602339,1060.7017543859654,4143.976608187134,low_n
NA,NA,0,NA,NA,NA,NA,NA,no_match
